id,type_bk,type_hd,district,address,tw_start,tw_end,priority,required_skills,required_equipment,lat,lon,service_time
74198,Подключение,Конвергенция абонента,Кузьминки,"Город Москва, пр-кт.Волгоградский, д. 128 к 5",1200,1320,connection,"['basic', 'fmc']",[],55.6945,37.7735,60
86160,Подключение,Конвергенция абонента,Таганский,"Город Москва, пер.Маяковского, д. 2",1080,1200,connection,"['basic', 'fmc']",[],55.7406,37.6538,60
50104,Подключение,Заявка на подключение,Текстильщики,"Город Москва, ул.Грайвороновская, д. 10 к 2",1080,1200,connection,"['basic', 'gigabit']",['gigabit_kit'],55.7087,37.7445,80
46393,Подключение,Конвергенция абонента,Рязанский,"Город Москва, ул.Михайлова, д. 14",1200,1320,connection,"['basic', 'fmc']",[],55.7225,37.7625,60
10135,Подключение,Конвергенция абонента,Рязанский,"Город Москва, ул.3-я Институтская, д. 5 к 2",1080,1200,connection,"['basic', 'fmc']",[],55.7225,37.7625,60
18754,Подключение,Конвергенция абонента,Рязанский,"Город Москва, ул.1-я Новокузьминская, д. 16 к 1",1080,1200,connection,"['basic', 'fmc']",[],55.7225,37.7625,60
84627,Подключение,Конвергенция абонента,Кузьминки,"Город Москва, ул.Окская, д. 32",1200,1320,connection,"['basic', 'fmc']",[],55.6945,37.7735,60
61540,Подключение,Конвергенция абонента,Кузьминки,"Город Москва, ул.Юных Ленинцев, д. 84",960,1080,connection,"['basic', 'fmc']",[],55.6945,37.7735,60
74949,Подключение,Конвергенция абонента,Таганский,"Город Москва, ул.Международная, д. 28 стр. 1",600,720,connection,"['basic', 'fmc']",[],55.7406,37.6538,60
41077,Подключение,Конвергенция абонента,Таганский,"Город Москва, ул.Новорогожская, д. 8",720,840,connection,"['basic', 'fmc']",[],55.7406,37.6538,60
87693,Подключение,Конвергенция абонента,Текстильщики,"Город Москва, ул.Чистова, д. 12",960,1080,connection,"['basic', 'fmc']",[],55.7087,37.7445,60
93086,Подключение,Конвергенция абонента,Рязанский,"Город Москва, ул.Паперника, д. 19",720,840,connection,"['basic', 'fmc']",[],55.7225,37.7625,60
57866,Подключение,Конвергенция абонента,Рязанский,"Город Москва, ул.Окская, д. 48/2",840,960,connection,"['basic', 'fmc']",[],55.7225,37.7625,60
35675,Подключение,Конвергенция абонента,Южнопортовый,"Город Москва, ул.Трофимова, д. 24 к 2",960,1080,connection,"['basic', 'fmc']",[],55.7235,37.6875,60
82388,Подключение,Конвергенция абонента,Южнопортовый,"Город Москва, ул.1-я Дубровская, д. 6",840,960,connection,"['basic', 'fmc']",[],55.7235,37.6875,60
23380,Подключение,Конвергенция абонента,Таганский,"Город Москва, ул.Рогожский Вал, д. 2/50",720,840,connection,"['basic', 'fmc']",[],55.7406,37.6538,60
37272,Подключение,Конвергенция абонента,Таганский,"Город Москва, ул.Талалихина, д. 2/1 к 4",600,720,connection,"['basic', 'fmc']",[],55.7406,37.6538,60
71388,Подключение,Конвергенция абонента,Текстильщики,"Город Москва, ул.Артюхиной, д. 20А",840,960,connection,"['basic', 'fmc']",[],55.7087,37.7445,60
34366,Подключение,Конвергенция абонента,Текстильщики,"Город Москва, ул.Малышева, д. 13",600,720,connection,"['basic', 'fmc']",[],55.7087,37.7445,60
67554,Подключение,Заявка на подключение,Нижегородский,"Город Москва, ул.Бронницкая, д. 12",720,840,connection,['basic'],[],55.7295,37.7205,50
94409,Подключение,Конвергенция абонента,Лефортово,"Город Москва, ул.Авиамоторная, д. 14",720,840,connection,"['basic', 'fmc']",[],55.7575,37.6985,60
10245,Подключение,Конвергенция абонента,Кузьминки,"Город Москва, ул.Фёдора Полетаева, д. 2 к 6",720,840,connection,"['basic', 'fmc']",[],55.6945,37.7735,60
52405,Подключение,Конвергенция абонента,Рязанский,"Город Москва, ул.Зарайская, д. 51 к 2",600,720,connection,"['basic', 'fmc']",[],55.7225,37.7625,60
30769,Подключение,Конвергенция абонента,Текстильщики,"Город Москва, ул.Саратовская, д. 14/1",840,960,connection,"['basic', 'fmc']",[],55.7087,37.7445,60
98182,Подключение,Заявка на подключение,Нижегородский,"Город Москва, ул.Нижегородская, д. 63",600,720,connection,['basic'],[],55.7295,37.7205,50
76082,Подключение,Заказ подключения/Дозаказ оборудования,Нижегородский,"Город Москва, ул.Смирновская, д. 6",720,840,connection,"['basic', 'fttb']",[],55.7295,37.7205,90
29890,Подключение,Конвергенция абонента,Нижегородский,"Город Москва, ул.Нижегородская, д. 61",720,840,connection,"['basic', 'fmc']",[],55.7295,37.7205,60
77563,Подключение,Конвергенция абонента,Кузьминки,"Город Москва, ул.Зеленодольская, д. 28Б",600,720,connection,"['basic', 'fmc']",[],55.6945,37.7735,60
53587,Подключение,Конвергенция абонента,Текстильщики,"Город Москва, ул.Артюхиной, д. 16",720,840,connection,"['basic', 'fmc']",[],55.7087,37.7445,60
82808,Подключение,Конвергенция абонента,Нижегородский,"Город Москва, ул.3-я Карачаровская, д. 4 к 1",840,960,connection,"['basic', 'fmc']",[],55.7295,37.7205,60
7939,Подключение,Конвергенция абонента,Рязанский,"Город Москва, пр-кт.Рязанский, д. 73",720,840,connection,"['basic', 'fmc']",[],55.7225,37.7625,60
92031,Дозаказ,Дозаказ оборудования,Выхино,"Город Москва, ул.Ферганская, д. 28/7",1080,1200,extra,"['basic', 'fmc']",[],55.7235,37.8275,45
31260,Дозаказ,Дозаказ оборудования,Выхино,"Город Москва, б-р.Самаркандский Квартал 137а, д. к5",1200,1320,extra,"['basic', 'fmc']",[],55.7235,37.8275,45
69967,Дозаказ,Заказ подключения/Дозаказ оборудования,Лефортово,"Город Москва, ул.Боровая, д. 14",600,720,extra,"['basic', 'fttb', 'gigabit']",['gigabit_kit'],55.7575,37.6985,105
22634,Дозаказ,Дозаказ оборудования,Таганский,"Город Москва, ул.Стройковская, д. 8",840,960,extra,"['basic', 'fmc']",[],55.7406,37.6538,45
98815,Дозаказ,Дозаказ оборудования,Лефортово,"Город Москва, ул.2-я Синичкина, д. 9 к 1",1080,1200,extra,"['basic', 'fmc']",[],55.7575,37.6985,45
33527,Дозаказ,Дозаказ оборудования,Нижегородский,"Москва, проезд Орехово-Зуевский, д. 18/8",600,720,extra,"['basic', 'fmc']",[],55.7295,37.7205,45
21571,Локальная заявка,Нет линка,Таганский,"Город Москва, пер.Большой Рогожский, д. 10 к 2",1080,1200,local,['basic'],[],55.7406,37.6538,30
47670,Локальная заявка,Нет линка,Басманный,"Город Москва, ул.Машкова, д. 13 стр. 1",1200,1320,local,['basic'],[],55.7625,37.6655,30
17892,Локальная заявка,Переключение на Гбит/с,Текстильщики,"Город Москва, ул.11-я Текстильщиков, д. 10",1080,1200,local,['basic'],[],55.7087,37.7445,50
51115,Локальная заявка,Нет линка,Рязанский,"Город Москва, ул.Паперника, д. 18",1080,1200,local,['basic'],[],55.7225,37.7625,30
76643,Локальная заявка,Нет линка,Таганский,"Город Москва, ул.Большая Калитниковская, д. 38",1080,1200,local,['basic'],[],55.7406,37.6538,30
43506,Локальная заявка,Переключение на Гбит/с,Выхино,"Город Москва, б-р.Самаркандский Квартал 137а, д. к5",1200,1320,local,['basic'],[],55.7235,37.8275,50
48174,Локальная заявка,Мониторинг,Кузьминки,"Город Москва, ул.Маршала Чуйкова, д. 9 к 2",1080,1200,local,['basic'],[],55.6945,37.7735,25
48227,Локальная заявка,Нет линка,Таганский,"Город Москва, ул.Талалихина, д. 16",720,840,local,['basic'],[],55.7406,37.6538,30
60720,Локальная заявка,Нет линка,Текстильщики,"Город Москва, б-р.Волжский, д. 50 к 2",720,840,local,['basic'],[],55.7087,37.7445,30
48238,Локальная заявка,Разрывы,Текстильщики,"Город Москва, ул.Артюхиной, д. 3",840,960,local,['basic'],['cable_kit'],55.7087,37.7445,40
41912,Локальная заявка,Нет линка,Выхино,"Город Москва, проезд.Ферганский, д. 7 к 5",720,840,local,['basic'],[],55.7235,37.8275,30
4893,Локальная заявка,Нет линка,Басманный,"Город Москва, ул.Земляной Вал, д. 24/30 стр. 1",720,840,local,['basic'],[],55.7625,37.6655,30
68476,Локальная заявка,Разрывы,Нижегородский,"Город Москва, ул.3-я Карачаровская, д. 8 к 2",600,720,local,['basic'],['cable_kit'],55.7295,37.7205,40
50219,Локальная заявка,Нет линка,Нижегородский,"Город Москва, ул.Чистопольская, д. 2 к 2",600,720,local,['basic'],[],55.7295,37.7205,30
76678,Локальная заявка,Работа с кабелем,Лефортово,"Город Москва, ул.Боровая, д. 12",600,720,local,['basic'],['cable_kit'],55.7575,37.6985,50
47330,Локальная заявка,Роутер. Замена техническим специалистом,Лефортово,"Город Москва, ул.Красноказарменная, д. 9Б стр. 1",840,960,local,['basic'],['router'],55.7575,37.6985,45
26645,Локальная заявка,TVE/ENT. Другие ошибки,Лефортово,"Город Москва, ул.Сторожевая, д. 31",960,1080,local,['basic'],['tv_box'],55.7575,37.6985,40
24076,Локальная заявка,Роутер. Замена техническим специалистом,Таганский,"Город Москва, ул.Новорогожская, д. 10",720,840,local,['basic'],['router'],55.7406,37.6538,45
30243,Локальная заявка,TVE/ENT. Замена приставки техником,Таганский,"Город Москва, ул.Нижегородская, д. 25",1080,1200,local,['basic'],['tv_box'],55.7406,37.6538,40
32807,Локальная заявка,Работа с кабелем,Кузьминки,"Город Москва, ул.Окская, д. 6 к 1",600,720,local,['basic'],['cable_kit'],55.6945,37.7735,50
73572,Локальная заявка,Нет линка,Кузьминки,"Город Москва, пр-кт.Волгоградский, д. 97 к 1",840,960,local,['basic'],[],55.6945,37.7735,30
41962,Глобальная проблема,Информация,Выхино,"г.Город Москва, б-р.Самаркандский, д. 32к1",960,1080,local,['basic'],[],55.7235,37.8275,40
97886,Глобальная проблема,Информация,Выхино,"г.Город Москва, б-р.Самаркандский, д. 10к2",960,1080,local,['basic'],[],55.7235,37.8275,40
17349,Глобальная проблема,Информация,Таганский,"г.Город Москва, ул.Новорогожская, д. 20",840,960,local,['basic'],[],55.7406,37.6538,40
54964,Глобальная проблема,Информация,Выхино,"г.Город Москва, ул.Ташкентская, д. 16к2",600,720,local,['basic'],[],55.7235,37.8275,40
21367,Глобальная проблема,Авария,Текстильщики,"г.Город Москва, ул.Саратовская, д. 16",1200,1320,emergency,"['basic', 'emergency']",[],55.7087,37.7445,100
24980,Глобальная проблема,Авария,Басманный,"г.Город Москва, наб.Семеновская, д. 3/1к2",600,720,emergency,"['basic', 'emergency']",[],55.7625,37.6655,100
15648,Глобальная проблема,Информация,Басманный,"г.Город Москва, наб.Семеновская, д. 2/1",960,1080,local,['basic'],[],55.7625,37.6655,40
57299,Глобальная проблема,Авария,Кузьминки,"г.Город Москва, пр-кт.Волгоградский, д. 128к1",1200,1320,emergency,"['basic', 'emergency']",[],55.6945,37.7735,100
